Date,Exercise,Category,Weight (kgs),Reps,Distance,Distance Unit,Time,Comment
2015-08-22,Jerk,Legs,50.0,5,,,,""
2015-08-22,Jerk,Legs,54.0,5,,,,""
2015-08-22,Jerk,Legs,60.0,4,,,,""
2015-08-22,Jerk,Legs,60.0,4,,,,""
2015-08-22,Jerk,Legs,64.0,4,,,,""
2015-08-22,Push Press,Shoulders,50.0,5,,,,""
2015-08-22,Push Press,Shoulders,50.0,5,,,,""
2015-08-22,Push Press,Shoulders,54.0,5,,,,""
2015-08-22,Overhead Squat Ohs,Legs,50.0,3,,,,""
2015-08-22,Overhead Squat Ohs,Legs,50.0,3,,,,""
2015-08-22,Overhead Squat Ohs,Legs,50.0,3,,,,""
2015-09-08,Snatch,Legs,40.0,5,,,,""
2015-09-08,Snatch,Legs,40.0,5,,,,""
2015-09-08,Snatch,Legs,50.0,4,,,,""
2015-09-08,Snatch,Legs,60.0,2,,,,""
2015-09-08,Snatch Pull,Legs,90.0,3,,,,""
2015-09-08,Snatch Pull,Legs,90.0,3,,,,""
2015-09-08,Snatch Pull,Legs,90.0,4,,,,""
2015-09-08,Front Squat,Legs,60.0,5,,,,""
2015-09-08,Front Squat,Legs,60.0,5,,,,""
2015-09-08,Front Squat,Legs,64.0,5,,,,""
2015-09-08,Front Squat,Legs,64.0,5,,,,""
2015-09-08,Front Squat,Legs,64.0,5,,,,""
2015-10-02,Front Squat,Legs,70.0,5,,,,""
2015-10-02,Front Squat,Legs,70.0,5,,,,""
2015-10-02,Front Squat,Legs,70.0,5,,,,""
2015-10-02,Front Squat,Legs,70.0,5,,,,""
2015-10-02,Front Squat,Legs,70.0,5,,,,""
2015-10-03,Snatch Pull,Legs,70.0,5,,,,""
2015-10-03,Snatch Pull,Legs,70.0,5,,,,""
2015-10-03,Snatch Pull,Legs,70.0,5,,,,""
2015-10-03,Snatch Pull,Legs,70.0,5,,,,""
2015-10-03,Snatch Pull,Legs,70.0,5,,,,""
2015-10-06,Clean And Jerk Cnj,Legs,70.0,3,,,,""
2015-10-06,Clean And Jerk Cnj,Legs,70.0,1,,,,""
2015-10-06,Clean And Jerk Cnj,Legs,70.0,3,,,,""
2015-10-06,Clean And Jerk Cnj,Legs,70.0,3,,,,""
2015-10-06,Clean Pull,Legs,100.0,3,,,,""
2015-10-06,Clean Pull,Legs,100.0,3,,,,""
2015-10-06,Clean Pull,Legs,100.0,3,,,,""
2015-10-06,Back Squat,Legs,70.0,3,,,,""
2015-10-06,Back Squat,Legs,70.0,5,,,,""
2015-10-06,Back Squat,Legs,70.0,5,,,,""
2015-10-09,Jerk,Legs,60.0,5,,,,""
2015-10-09,Jerk,Legs,60.0,5,,,,""
2015-10-09,Jerk,Legs,64.0,4,,,,""
2015-10-09,Jerk,Legs,64.0,4,,,,""
2015-10-09,Jerk,Legs,64.0,4,,,,""
2015-10-09,Push Press,Shoulders,50.0,5,,,,""
2015-10-09,Push Press,Shoulders,54.0,3,,,,""
2015-10-09,Push Press,Shoulders,54.0,3,,,,""
2015-10-09,Push Press,Shoulders,60.0,1,,,,""
2015-10-09,Push Press,Shoulders,60.0,3,,,,""
2015-10-09,Overhead Squat Ohs,Legs,40.0,1,,,,""
2015-10-09,Overhead Squat Ohs,Legs,40.0,3,,,,""
2015-10-09,Overhead Squat Ohs,Legs,40.0,5,,,,""
2015-10-09,Overhead Squat Ohs,Legs,40.0,5,,,,""
2015-10-09,Overhead Squat Ohs,Legs,40.0,5,,,,""
2015-10-10,Clean And Jerk Cnj,Legs,70.0,2,,,,""
2015-10-10,Clean And Jerk Cnj,Legs,70.0,3,,,,""
2015-10-10,Clean And Jerk Cnj,Legs,74.0,2,,,,""
2015-10-10,Clean Pull,Legs,110.0,3,,,,""
2015-10-10,Clean Pull,Legs,110.0,3,,,,""
2015-10-10,Clean Pull,Legs,110.0,3,,,,""
2015-10-10,Back Squat,Legs,70.0,4,,,,""
2015-10-10,Back Squat,Legs,80.0,3,,,,""
2015-10-10,Back Squat,Legs,84.0,3,,,,""
2015-10-10,Back Squat,Legs,84.0,3,,,,""
2015-10-13,Snatch,Legs,50.0,3,,,,""
2015-10-13,Snatch,Legs,50.0,4,,,,""
2015-10-13,Snatch,Legs,54.0,3,,,,""
2015-10-13,Snatch,Legs,60.0,2,,,,""
2015-10-13,Snatch,Legs,60.0,1,,,,""
2015-10-13,Snatch Pull,Legs,100.0,3,,,,""
2015-10-13,Snatch Pull,Legs,100.0,3,,,,""
2015-10-13,Snatch Pull,Legs,100.0,3,,,,""
2015-10-13,Snatch Pull,Legs,100.0,3,,,,""
2015-10-13,Snatch Pull,Legs,100.0,4,,,,""
2015-10-13,Front Squat,Legs,70.0,3,,,,""
2015-10-13,Front Squat,Legs,80.0,3,,,,""
2015-10-13,Front Squat,Legs,80.0,3,,,,""
2015-10-13,Front Squat,Legs,80.0,3,,,,""
2015-10-13,Front Squat,Legs,80.0,3,,,,""
2015-10-13,Front Squat,Legs,80.0,4,,,,""
2015-10-15,Jerk,Legs,60.0,4,,,,""
2015-10-15,Jerk,Legs,64.0,3,,,,""
2015-10-15,Jerk,Legs,70.0,3,,,,""
2015-10-15,Jerk,Legs,70.0,3,,,,""
2015-10-15,Jerk,Legs,70.0,4,,,,""
2015-10-15,Push Press,Shoulders,60.0,3,,,,""
2015-10-15,Push Press,Shoulders,60.0,3,,,,""
2015-10-15,Push Press,Shoulders,60.0,3,,,,""
2015-10-15,Push Press,Shoulders,60.0,3,,,,""
2015-10-15,Push Press,Shoulders,60.0,3,,,,""
2015-10-15,Overhead Squat Ohs,Legs,50.0,3,,,,""
2015-10-15,Overhead Squat Ohs,Legs,50.0,3,,,,""
2015-10-15,Overhead Squat Ohs,Legs,50.0,3,,,,""
2015-10-15,Overhead Squat Ohs,Legs,50.0,3,,,,""
2015-10-15,Overhead Squat Ohs,Legs,50.0,4,,,,""
2015-10-17,Clean And Jerk Cnj,Legs,70.0,3,,,,""
2015-10-17,Clean And Jerk Cnj,Legs,70.0,3,,,,""
2015-10-17,Clean And Jerk Cnj,Legs,70.0,3,,,,""
2015-10-17,Clean And Jerk Cnj,Legs,70.0,3,,,,""
2015-10-17,Clean And Jerk Cnj,Legs,75.0,3,,,,""
2015-10-17,Clean Pull,Legs,110.0,3,,,,""
2015-10-17,Clean Pull,Legs,110.0,3,,,,""
2015-10-17,Clean Pull,Legs,110.0,3,,,,""
2015-10-17,Clean Pull,Legs,110.0,3,,,,""
2015-10-17,Clean Pull,Legs,120.0,3,,,,""
2015-10-17,Back Squat,Legs,80.0,3,,,,""
2015-10-17,Back Squat,Legs,84.0,3,,,,""
2015-10-17,Back Squat,Legs,84.0,3,,,,""
2015-10-17,Back Squat,Legs,90.0,3,,,,""
2015-10-17,Back Squat,Legs,90.0,3,,,,""
2015-10-17,Back Squat,Legs,90.0,3,,,,""
2015-10-17,Tommys,Abs,10.0,10,,,,""
2015-10-17,Tommys,Abs,10.0,10,,,,""
2015-10-17,Tommys,Abs,10.0,10,,,,""
2015-10-20,Snatch,Legs,60.0,1,,,,""
2015-10-20,Snatch,Legs,60.0,1,,,,""
2015-10-20,Snatch,Legs,55.0,2,,,,""
2015-10-20,Snatch,Legs,55.0,2,,,,""
2015-10-20,Snatch,Legs,55.0,2,,,,""
2015-10-20,Snatch Pull,Legs,100.0,3,,,,""
2015-10-20,Snatch Pull,Legs,110.0,2,,,,""
2015-10-20,Snatch Pull,Legs,110.0,2,,,,""
2015-10-20,Snatch Pull,Legs,110.0,2,,,,""
2015-10-20,Front Squat,Legs,80.0,3,,,,""
2015-10-20,Front Squat,Legs,85.0,2,,,,""
2015-10-20,Front Squat,Legs,85.0,2,,,,""
2015-10-20,Front Squat,Legs,85.0,2,,,,""
2015-10-20,Front Squat,Legs,85.0,3,,,,""
2015-10-20,Hanging Leg Raise,Abs,1.0,5,,,,""
2015-10-20,Hanging Leg Raise,Abs,1.0,10,,,,""
2015-10-20,Hanging Leg Raise,Abs,1.0,10,,,,""
2015-10-20,Hanging Leg Raise,Abs,1.0,10,,,,""
2015-10-22,Jerk,Legs,70.0,2,,,,""
2015-10-22,Jerk,Legs,76.0,2,,,,""
2015-10-22,Push Press,Shoulders,60.0,2,,,,""
2015-10-22,Jerk,Legs,76.0,2,,,,""
2015-10-22,Jerk,Legs,76.0,2,,,,""
2015-10-22,Jerk,Legs,76.0,2,,,,""
2015-10-22,Push Press,Shoulders,66.0,2,,,,""
2015-10-22,Push Press,Shoulders,66.0,2,,,,""
2015-10-22,Push Press,Shoulders,66.0,2,,,,""
2015-10-22,Push Press,Shoulders,66.0,2,,,,""
2015-10-22,Overhead Squat Ohs,Legs,50.0,2,,,,""
2015-10-22,Overhead Squat Ohs,Legs,54.0,2,,,,""
2015-10-22,Overhead Squat Ohs,Legs,54.0,2,,,,""
2015-10-22,Overhead Squat Ohs,Legs,54.0,2,,,,""
2015-10-22,Overhead Squat Ohs,Legs,54.0,3,,,,""
2015-10-22,Hanging Leg Raise,Abs,1.0,10,,,,""
2015-10-22,Hanging Leg Raise,Abs,1.0,10,,,,""
2015-10-22,Hanging Leg Raise,Abs,1.0,10,,,,""
2015-10-24,Clean And Jerk Cnj,Legs,70.0,2,,,,""
2015-10-24,Clean And Jerk Cnj,Legs,74.0,2,,,,""
2015-10-24,Clean And Jerk Cnj,Legs,74.0,2,,,,""
2015-10-24,Clean And Jerk Cnj,Legs,76.0,1,,,,""
2015-10-24,Clean And Jerk Cnj,Legs,76.0,2,,,,""
2015-10-24,Clean Pull,Legs,110.0,3,,,,""
2015-10-24,Clean Pull,Legs,110.0,3,,,,""
2015-10-24,Clean Pull,Legs,110.0,3,,,,""
2015-10-24,Clean Pull,Legs,110.0,3,,,,""
2015-10-24,Clean Pull,Legs,110.0,3,,,,""
2015-10-24,Back Squat,Legs,80.0,5,,,,""
2015-10-24,Back Squat,Legs,90.0,3,,,,""
2015-10-24,Back Squat,Legs,100.0,1,,,,""
2015-10-24,Back Squat,Legs,100.0,2,,,,""
2015-10-24,Back Squat,Legs,100.0,2,,,,""
2015-10-24,Back Squat,Legs,100.0,2,,,,""
2015-10-27,Snatch,Legs,50.0,2,,,,""
2015-10-27,Snatch,Legs,52.0,1,,,,""
2015-10-27,Snatch,Legs,54.0,1,,,,""
2015-10-27,Snatch,Legs,56.0,1,,,,""
2015-10-27,Snatch,Legs,58.0,1,,,,""
2015-10-27,Snatch,Legs,60.0,1,,,,""
2015-10-27,Snatch,Legs,62.0,1,,,,""
2015-10-27,Snatch,Legs,64.0,1,,,,""
2015-10-27,Snatch Pull,Legs,90.0,2,,,,""
2015-10-27,Snatch Pull,Legs,100.0,1,,,,""
2015-10-27,Snatch Pull,Legs,110.0,1,,,,""
2015-10-27,Snatch Pull,Legs,114.0,1,,,,""
2015-10-27,Snatch Pull,Legs,114.0,1,,,,""
2015-10-27,Front Squat,Legs,76.0,2,,,,""
2015-10-27,Front Squat,Legs,80.0,1,,,,""
2015-10-27,Front Squat,Legs,84.0,1,,,,""
2015-10-27,Front Squat,Legs,88.0,1,,,,""
2015-10-27,Front Squat,Legs,90.0,1,,,,""
2015-10-27,Hanging Leg Raise,Abs,1.0,10,,,,""
2015-10-27,Hanging Leg Raise,Abs,2.0,5,,,,""
2015-10-27,Hanging Leg Raise,Abs,5.0,5,,,,""
2015-10-30,Jerk,Legs,60.0,2,,,,""
2015-10-30,Jerk,Legs,64.0,2,,,,""
2015-10-30,Jerk,Legs,70.0,1,,,,""
2015-10-30,Jerk,Legs,74.0,1,,,,""
2015-10-30,Jerk,Legs,76.0,1,,,,""
2015-10-30,Jerk,Legs,78.0,1,,,,""
2015-10-30,Jerk,Legs,80.0,1,,,,""
2015-10-30,Jerk,Legs,82.0,1,,,,""
2015-10-30,Jerk,Legs,84.0,1,,,,""
2015-10-30,Jerk,Legs,86.0,1,,,,""
2015-10-30,Jerk,Legs,88.0,1,,,,""
2015-10-30,Jerk,Legs,90.0,1,,,,""
2015-10-30,Jerk,Legs,92.0,1,,,,""
2015-10-30,Push Press,Shoulders,60.0,1,,,,""
2015-10-30,Push Press,Shoulders,62.0,1,,,,""
2015-10-30,Push Press,Shoulders,64.0,1,,,,""
2015-10-30,Push Press,Shoulders,66.0,1,,,,""
2015-10-30,Push Press,Shoulders,68.0,1,,,,""
2015-10-30,Push Press,Shoulders,68.0,1,,,,""
2015-10-30,Overhead Squat Ohs,Legs,50.0,1,,,,""
2015-10-30,Overhead Squat Ohs,Legs,52.0,1,,,,""
2015-10-30,Overhead Squat Ohs,Legs,54.0,1,,,,""
2015-10-30,Overhead Squat Ohs,Legs,56.0,1,,,,""
2015-10-30,Overhead Squat Ohs,Legs,58.0,1,,,,""
2015-10-30,Overhead Squat Ohs,Legs,60.0,1,,,,""
2015-10-30,Overhead Squat Ohs,Legs,62.0,1,,,,""
2015-10-30,Overhead Squat Ohs,Legs,64.0,1,,,,""
2015-10-30,Overhead Squat Ohs,Legs,64.0,1,,,,""
2015-10-31,Clean And Jerk Cnj,Legs,60.0,1,,,,""
2015-10-31,Clean And Jerk Cnj,Legs,64.0,1,,,,""
2015-10-31,Clean And Jerk Cnj,Legs,66.0,1,,,,""
2015-10-31,Clean And Jerk Cnj,Legs,68.0,1,,,,""
2015-10-31,Clean And Jerk Cnj,Legs,70.0,1,,,,""
2015-10-31,Clean And Jerk Cnj,Legs,72.0,1,,,,""
2015-10-31,Clean And Jerk Cnj,Legs,74.0,1,,,,""
2015-10-31,Clean And Jerk Cnj,Legs,76.0,1,,,,""
2015-10-31,Clean And Jerk Cnj,Legs,78.0,1,,,,""
2015-10-31,Clean And Jerk Cnj,Legs,80.0,1,,,,""
2015-10-31,Clean And Jerk Cnj,Legs,82.0,1,,,,""
2015-10-31,Clean And Jerk Cnj,Legs,84.0,1,,,,""
2015-10-31,Clean And Jerk Cnj,Legs,86.0,1,,,,""
2015-10-31,Clean And Jerk Cnj,Legs,60.0,1,,,,""
2015-10-31,Clean Pull,Legs,100.0,1,,,,""
2015-10-31,Clean Pull,Legs,104.0,1,,,,""
2015-10-31,Clean Pull,Legs,110.0,1,,,,""
2015-10-31,Clean Pull,Legs,114.0,1,,,,""
2015-10-31,Clean Pull,Legs,120.0,1,,,,""
2015-10-31,Clean Pull,Legs,124.0,1,,,,""
2015-10-31,Back Squat,Legs,60.0,1,,,,""
2015-10-31,Back Squat,Legs,80.0,1,,,,""
2015-10-31,Back Squat,Legs,90.0,1,,,,""
2015-10-31,Back Squat,Legs,96.0,1,,,,""
2015-10-31,Back Squat,Legs,100.0,1,,,,""
2015-11-04,Snatch,Legs,50.0,2,,,,""
2015-11-04,Snatch,Legs,54.0,2,,,,""
2015-11-04,Snatch,Legs,58.0,2,,,,""
2015-11-04,Snatch,Legs,60.0,1,,,,""
2015-11-04,Snatch,Legs,60.0,2,,,,""
2015-11-04,Snatch,Legs,60.0,3,,,,""
2015-11-04,Front Squat,Legs,70.0,3,,,,""
2015-11-04,Front Squat,Legs,80.0,3,,,,""
2015-11-04,Front Squat,Legs,90.0,3,,,,""
2015-11-04,Front Squat,Legs,90.0,2,,,,""
2015-11-04,Front Squat,Legs,90.0,3,,,,""
2015-11-04,Hanging Leg Raise,Abs,1.0,10,,,,""
2015-11-04,Hanging Leg Raise,Abs,1.0,10,,,,""
2015-11-04,Hanging Leg Raise,Abs,1.0,10,,,,""
2015-11-06,Clean And Jerk Cnj,Legs,70.0,1,,,,""
2015-11-06,Clean And Jerk Cnj,Legs,70.0,2,,,,""
2015-11-06,Clean And Jerk Cnj,Legs,74.0,2,,,,""
2015-11-06,Clean And Jerk Cnj,Legs,74.0,3,,,,""
2015-11-06,Clean And Jerk Cnj,Legs,76.0,1,,,,""
2015-11-06,Clean And Jerk Cnj,Legs,76.0,1,,,,""
2015-11-06,Clean And Jerk Cnj,Legs,76.0,2,,,,""
2015-11-06,Clean And Jerk Cnj,Legs,76.0,3,,,,""
2015-11-06,Back Squat,Legs,60.0,5,,,,""
2015-11-06,Back Squat,Legs,90.0,4,,,,""
2015-11-06,Back Squat,Legs,90.0,5,,,,""
2015-11-06,Back Squat,Legs,90.0,5,,,,""
2015-11-06,Ab Twister,Abs,1.0,10,,,,""
2015-11-06,Ab Twister,Abs,5.0,10,,,,""
2015-11-06,Ab Twister,Abs,5.0,10,,,,""
2015-11-10,Snatch,Legs,50.0,2,,,,""
2015-11-10,Snatch,Legs,50.0,2,,,,""
2015-11-10,Snatch,Legs,54.0,3,,,,""
2015-11-10,Snatch,Legs,58.0,1,,,,""
2015-11-10,Snatch,Legs,58.0,3,,,,""
2015-11-10,Snatch,Legs,60.0,3,,,,""
2015-11-10,Snatch,Legs,60.0,3,,,,""
2015-11-10,Snatch,Legs,60.0,3,,,,""
2015-11-10,Snatch,Legs,60.0,3,,,,""
2015-11-10,Snatch Pull,Legs,110.0,3,,,,""
2015-11-10,Snatch Pull,Legs,110.0,3,,,,""
2015-11-10,Snatch Pull,Legs,110.0,3,,,,""
2015-11-10,Snatch Pull,Legs,110.0,3,,,,""
2015-11-10,Front Squat,Legs,80.0,3,,,,""
2015-11-10,Front Squat,Legs,90.0,1,,,,""
2015-11-10,Front Squat,Legs,90.0,1,,,,""
2015-11-10,Front Squat,Legs,84.0,2,,,,""
2015-11-10,Front Squat,Legs,84.0,2,,,,""
2015-11-10,Hanging Leg Raise,Abs,1.0,10,,,,""
2015-11-10,Hanging Leg Raise,Abs,1.0,10,,,,""
2015-11-10,Hanging Leg Raise,Abs,1.0,11,,,,""
2015-11-12,Jerk,Legs,60.0,3,,,,""
2015-11-12,Jerk,Legs,70.0,3,,,,""
2015-11-12,Jerk,Legs,80.0,3,,,,""
2015-11-12,Jerk,Legs,80.0,3,,,,""
2015-11-12,Jerk,Legs,84.0,3,,,,""
2015-11-12,Jerk,Legs,84.0,2,,,,""
2015-11-12,Jerk,Legs,84.0,2,,,,""
2015-11-12,Push Press,Shoulders,60.0,3,,,,""
2015-11-12,Push Press,Shoulders,64.0,3,,,,""
2015-11-12,Push Press,Shoulders,66.0,3,,,,""
2015-11-12,Push Press,Shoulders,66.0,2,,,,""
2015-11-12,Push Press,Shoulders,66.0,2,,,,""
2015-11-12,Push Press,Shoulders,66.0,2,,,,""
2015-11-12,Push Press,Shoulders,66.0,2,,,,""
2015-11-12,Overhead Squat Ohs,Legs,50.0,2,,,,""
2015-11-12,Overhead Squat Ohs,Legs,54.0,3,,,,""
2015-11-12,Overhead Squat Ohs,Legs,56.0,3,,,,""
2015-11-12,Overhead Squat Ohs,Legs,58.0,3,,,,""
2015-11-12,Overhead Squat Ohs,Legs,60.0,3,,,,""
2015-11-12,Overhead Squat Ohs,Legs,60.0,3,,,,""
2015-11-12,Back Extension,Back,1.0,10,,,,""
2015-11-12,Back Extension,Back,5.0,10,,,,""
2015-11-12,Back Extension,Back,5.0,10,,,,""
2015-11-12,Ab Twister,Abs,10.0,5,,,,""
2015-11-12,Ab Twister,Abs,10.0,10,,,,""
2015-11-12,Ab Twister,Abs,10.0,10,,,,""
2015-11-14,Clean And Jerk Cnj,Legs,76.0,2,,,,""
2015-11-14,Clean And Jerk Cnj,Legs,76.0,3,,,,""
2015-11-14,Clean And Jerk Cnj,Legs,80.0,2,,,,""
2015-11-14,Clean And Jerk Cnj,Legs,80.0,3,,,,""
2015-11-14,Clean And Jerk Cnj,Legs,80.0,1,,,,""
2015-11-14,Clean And Jerk Cnj,Legs,80.0,1,,,,""
2015-11-14,Clean Pull,Legs,110.0,3,,,,""
2015-11-14,Clean Pull,Legs,110.0,3,,,,""
2015-11-14,Clean Pull,Legs,110.0,3,,,,""
2015-11-14,Clean Pull,Legs,110.0,3,,,,""
2015-11-14,Clean Pull,Legs,110.0,3,,,,""
2015-11-14,Back Squat,Legs,70.0,5,,,,""
2015-11-14,Back Squat,Legs,80.0,4,,,,""
2015-11-14,Back Squat,Legs,80.0,5,,,,""
2015-11-14,Back Squat,Legs,80.0,5,,,,""
2015-11-14,Back Squat,Legs,80.0,4,,,,""
2015-11-14,Back Squat,Legs,80.0,5,,,,""
2015-11-14,Tommys,Abs,15.0,10,,,,""
2015-11-14,Tommys,Abs,15.0,8,,,,""
2015-11-14,Tommys,Abs,15.0,7,,,,""
2015-11-17,Snatch,Legs,50.0,2,,,,""
2015-11-17,Snatch,Legs,54.0,2,,,,""
2015-11-17,Snatch,Legs,58.0,2,,,,""
2015-11-17,Snatch,Legs,60.0,2,,,,""
2015-11-17,Snatch,Legs,64.0,1,,,,""
2015-11-17,Snatch,Legs,64.0,1,,,,""
2015-11-17,Snatch,Legs,64.0,2,,,,""
2015-11-17,Snatch,Legs,64.0,1,,,,""
2015-11-17,Snatch,Legs,64.0,2,,,,""
2015-11-17,Snatch Pull,Legs,100.0,2,,,,""
2015-11-17,Snatch Pull,Legs,100.0,2,,,,""
2015-11-17,Snatch Pull,Legs,100.0,2,,,,""
2015-11-17,Snatch Pull,Legs,100.0,2,,,,""
2015-11-17,Snatch Pull,Legs,100.0,2,,,,""
2015-11-17,Front Squat,Legs,70.0,2,,,,""
2015-11-17,Front Squat,Legs,80.0,2,,,,""
2015-11-17,Front Squat,Legs,84.0,2,,,,""
2015-11-17,Front Squat,Legs,88.0,2,,,,""
2015-11-17,Front Squat,Legs,90.0,1,,,,""
2015-11-17,Front Squat,Legs,90.0,1,,,,""
2015-11-17,Hanging Leg Raise,Abs,1.0,12,,,,""
2015-11-17,Hanging Leg Raise,Abs,1.0,10,,,,""
2015-11-17,Hanging Leg Raise,Abs,1.0,10,,,,""
2015-11-17,Back Extension,Back,5.0,15,,,,""
2015-11-17,Back Extension,Back,5.0,15,,,,""
2015-11-19,Jerk,Legs,60.0,2,,,,""
2015-11-19,Jerk,Legs,70.0,2,,,,""
2015-11-19,Jerk,Legs,80.0,2,,,,""
2015-11-19,Jerk,Legs,84.0,2,,,,""
2015-11-19,Jerk,Legs,86.0,2,,,,""
2015-11-19,Jerk,Legs,88.0,2,,,,""
2015-11-19,Jerk,Legs,88.0,1,,,,""
2015-11-19,Jerk,Legs,88.0,2,,,,""
2015-11-19,Push Press,Shoulders,64.0,2,,,,""
2015-11-19,Push Press,Shoulders,60.0,2,,,,""
2015-11-19,Push Press,Shoulders,60.0,2,,,,""
2015-11-19,Push Press,Shoulders,60.0,2,,,,""
2015-11-19,Push Press,Shoulders,64.0,2,,,,""
2015-11-19,Overhead Squat Ohs,Legs,50.0,2,,,,""
2015-11-19,Russian Twist,Abs,10.0,20,,,,""
2015-11-19,Russian Twist,Abs,10.0,20,,,,""
2015-11-19,Back Extension,Back,5.0,20,,,,""
2015-11-19,Back Extension,Back,5.0,15,,,,""
2015-11-21,Clean And Jerk Cnj,Legs,78.0,2,,,,""
2015-11-21,Clean And Jerk Cnj,Legs,80.0,2,,,,""
2015-11-21,Clean And Jerk Cnj,Legs,82.0,2,,,,""
2015-11-21,Clean And Jerk Cnj,Legs,82.0,1,,,,""
2015-11-21,Clean And Jerk Cnj,Legs,82.0,2,,,,""
2015-11-21,Clean And Jerk Cnj,Legs,82.0,2,,,,""
2015-11-21,Clean And Jerk Cnj,Legs,84.0,2,,,,""
2015-11-21,Clean Pull,Legs,100.0,2,,,,""
2015-11-21,Clean Pull,Legs,100.0,2,,,,""
2015-11-21,Clean Pull,Legs,100.0,2,,,,""
2015-11-21,Clean Pull,Legs,100.0,2,,,,""
2015-11-21,Clean Pull,Legs,100.0,2,,,,""
2015-11-21,Back Squat,Legs,80.0,3,,,,""
2015-11-21,Back Squat,Legs,90.0,3,,,,""
2015-11-21,Back Squat,Legs,94.0,3,,,,""
2015-11-21,Back Squat,Legs,94.0,2,,,,""
2015-11-21,Back Squat,Legs,94.0,2,,,,""
2015-11-21,Back Squat,Legs,94.0,3,,,,""
2015-11-21,Tommys,Abs,15.0,10,,,,""
2015-11-21,Tommys,Abs,15.0,10,,,,""
2015-11-21,Tommys,Abs,15.0,10,,,,""
2015-11-24,Snatch,Legs,50.0,3,,,,""
2015-11-24,Snatch,Legs,54.0,1,,,,""
2015-11-24,Snatch,Legs,58.0,1,,,,""
2015-11-24,Snatch,Legs,60.0,1,,,,""
2015-11-24,Snatch,Legs,62.0,1,,,,""
2015-11-24,Snatch,Legs,64.0,1,,,,""
2015-11-24,Snatch,Legs,66.0,1,,,,""
2015-11-24,Snatch,Legs,68.0,1,,,,""
2015-11-24,Snatch,Legs,70.0,1,,,,""
2015-11-24,Snatch,Legs,70.0,1,,,,""
2015-11-24,Snatch Pull,Legs,100.0,1,,,,""
2015-11-24,Snatch Pull,Legs,100.0,1,,,,""
2015-11-24,Snatch Pull,Legs,100.0,1,,,,""
2015-11-24,Snatch Pull,Legs,100.0,1,,,,""
2015-11-24,Snatch Pull,Legs,100.0,1,,,,""
2015-11-24,Front Squat,Legs,70.0,1,,,,""
2015-11-24,Front Squat,Legs,74.0,1,,,,""
2015-11-24,Front Squat,Legs,78.0,1,,,,""
2015-11-24,Front Squat,Legs,80.0,1,,,,""
2015-11-24,Front Squat,Legs,84.0,1,,,,""
2015-11-24,Front Squat,Legs,88.0,1,,,,""
2015-11-24,Front Squat,Legs,90.0,1,,,,""
2015-11-24,Front Squat,Legs,92.0,1,,,,""
2015-11-24,Front Squat,Legs,94.0,1,,,,""
2015-11-27,Jerk,Legs,70.0,2,,,,""
2015-11-27,Jerk,Legs,80.0,2,,,,""
2015-11-27,Jerk,Legs,84.0,2,,,,""
2015-11-27,Jerk,Legs,88.0,1,,,,""
2015-11-27,Jerk,Legs,90.0,1,,,,""
2015-11-27,Push Press,Shoulders,60.0,1,,,,""
2015-11-27,Push Press,Shoulders,62.0,1,,,,""
2015-11-27,Push Press,Shoulders,64.0,1,,,,""
2015-11-27,Push Press,Shoulders,66.0,1,,,,""
2015-11-27,Push Press,Shoulders,68.0,1,,,,""
2015-11-27,Overhead Squat Ohs,Legs,60.0,1,,,,""
2015-11-27,Overhead Squat Ohs,Legs,62.0,1,,,,""
2015-11-27,Overhead Squat Ohs,Legs,64.0,1,,,,""
2015-11-27,Overhead Squat Ohs,Legs,66.0,1,,,,""
2015-11-27,Russian Twist,Abs,15.0,30,,,,""
2016-02-04,Snatch,Legs,40.0,5,,,,""
2016-02-04,Snatch,Legs,40.0,5,,,,""
2016-02-04,Snatch,Legs,50.0,4,,,,""
2016-02-04,Snatch,Legs,50.0,3,,,,""
2016-02-04,Snatch,Legs,60.0,2,,,,""
2016-02-04,Snatch,Legs,60.0,3,,,,""
2016-02-04,Clean And Jerk Cnj,Legs,60.0,3,,,,""
2016-02-04,Clean And Jerk Cnj,Legs,70.0,3,,,,""
2016-02-04,Clean And Jerk Cnj,Legs,74.0,3,,,,""
2016-02-04,Pull Up,Back,1.0,4,,,,""
2016-02-04,Pull Up,Back,1.0,5,,,,""
2016-02-04,Pull Up,Back,1.0,5,,,,""
2016-02-04,Russian Twist,Abs,15.0,30,,,,""
2016-02-06,Snatch,Legs,40.0,3,,,,""
2016-02-06,Snatch,Legs,50.0,2,,,,""
2016-02-06,Snatch,Legs,56.0,1,,,,""
2016-02-06,Snatch,Legs,60.0,1,,,,""
2016-02-06,Snatch,Legs,60.0,1,,,,""
2016-02-06,Snatch,Legs,60.0,1,,,,""
2016-02-06,Snatch,Legs,62.0,1,,,,""
2016-02-06,Snatch,Legs,64.0,1,,,,""
2016-02-06,Clean And Jerk Cnj,Legs,64.0,3,,,,""
2016-02-06,Clean And Jerk Cnj,Legs,68.0,2,,,,""
2016-02-06,Clean And Jerk Cnj,Legs,70.0,1,,,,""
2016-02-06,Clean And Jerk Cnj,Legs,74.0,1,,,,""
2016-02-06,Clean And Jerk Cnj,Legs,76.0,1,,,,""
2016-02-06,Clean And Jerk Cnj,Legs,78.0,1,,,,""
2016-02-06,Clean And Jerk Cnj,Legs,80.0,1,,,,""
2016-02-06,Clean And Jerk Cnj,Legs,80.0,1,,,,""
2016-02-06,Pull Up,Back,1.0,5,,,,""
2016-02-06,Pull Up,Back,1.0,5,,,,""
2016-02-06,Pull Up,Back,1.0,4,,,,""
2016-02-06,Back Extension,Back,1.0,30,,,,""
2016-02-06,Scissors,Abs,1.0,30,,,,""
2016-02-06,Ab-Wheel Rollout,Abs,1.0,5,,,,""
2016-02-10,Tall Snatch,Shoulders,20.0,3,,,,""
2016-02-10,Tall Snatch,Shoulders,20.0,3,,,,""
2016-02-10,Tall Snatch,Shoulders,20.0,3,,,,""
2016-02-10,Snatch,Legs,54.0,3,,,,""
2016-02-10,Snatch,Legs,54.0,3,,,,""
2016-02-10,Snatch,Legs,54.0,3,,,,""
2016-02-10,Snatch,Legs,54.0,3,,,,""
2016-02-10,Snatch,Legs,54.0,3,,,,""
2016-02-10,Clean And Jerk Cnj,Legs,68.0,3,,,,""
2016-02-10,Clean And Jerk Cnj,Legs,68.0,3,,,,""
2016-02-10,Clean And Jerk Cnj,Legs,68.0,3,,,,""
2016-02-10,Clean And Jerk Cnj,Legs,68.0,3,,,,""
2016-02-10,Clean And Jerk Cnj,Legs,68.0,3,,,,""
2016-02-10,Back Squat,Legs,90.0,3,,,,""
2016-02-10,Back Squat,Legs,90.0,3,,,,""
2016-02-10,Back Squat,Legs,90.0,3,,,,""
2016-02-10,Back Squat,Legs,90.0,3,,,,""
2016-02-10,Back Squat,Legs,90.0,3,,,,""
2016-02-10,Snatch Deadlift,Legs,90.0,3,,,,""
2016-02-10,Snatch Deadlift,Legs,90.0,3,,,,""
2016-02-10,Snatch Deadlift,Legs,90.0,3,,,,""
2016-02-11,Press In Snatch,Shoulders,20.0,5,,,,""
2016-02-11,Press In Snatch,Shoulders,24.0,4,,,,""
2016-02-11,Press In Snatch,Shoulders,28.0,3,,,,""
2016-02-11,Power Snatch,Back,50.0,3,,,,""
2016-02-11,Power Snatch,Back,50.0,3,,,,""
2016-02-11,Power Snatch,Back,50.0,3,,,,""
2016-02-11,Power Snatch,Back,50.0,3,,,,""
2016-02-11,Power Snatch,Back,50.0,3,,,,""
2016-02-11,Push Press,Shoulders,50.0,5,,,,""
2016-02-11,Push Press,Shoulders,50.0,5,,,,""
2016-02-11,Push Press,Shoulders,50.0,5,,,,""
2016-02-11,Push Press,Shoulders,50.0,5,,,,""
2016-02-11,Push Press,Shoulders,50.0,5,,,,""
2016-02-11,Snatch Pull,Legs,100.0,3,,,,""
2016-02-11,Snatch Pull,Legs,100.0,3,,,,""
2016-02-11,Snatch Pull,Legs,100.0,3,,,,""
2016-02-11,Snatch Pull,Legs,100.0,3,,,,""
2016-02-11,Snatch Pull,Legs,100.0,3,,,,""
2016-02-11,Back Extension,Back,1.0,15,,,,""
2016-02-11,Back Extension,Back,1.0,15,,,,""
2016-02-11,Back Extension,Back,1.0,15,,,,""
2016-02-11,Standing Plate Twist,Abs,10.0,15,,,,""
2016-02-11,Standing Plate Twist,Abs,10.0,15,,,,""
2016-02-11,Standing Plate Twist,Abs,10.0,15,,,,""
2016-02-11,Plank,Abs,1.0,60,,,,""
2016-02-11,Plank,Abs,1.0,60,,,,""
2016-02-13,Tall Clean,Legs,20.0,3,,,,""
2016-02-13,Tall Clean,Legs,30.0,3,,,,""
2016-02-13,Tall Clean,Legs,40.0,3,,,,""
2016-02-13,Clean,Legs,70.0,3,,,,""
2016-02-13,Clean,Legs,70.0,3,,,,""
2016-02-13,Clean,Legs,70.0,3,,,,""
2016-02-13,Clean,Legs,70.0,3,,,,""
2016-02-13,Clean,Legs,70.0,3,,,,""
2016-02-13,Power Jerk,Shoulders,70.0,3,,,,""
2016-02-13,Power Jerk,Shoulders,70.0,3,,,,""
2016-02-13,Power Jerk,Shoulders,70.0,3,,,,""
2016-02-13,Power Jerk,Shoulders,70.0,3,,,,""
2016-02-13,Power Jerk,Shoulders,70.0,3,,,,""
2016-02-13,Front Squat,Legs,70.0,2,,,,""
2016-02-13,Front Squat,Legs,70.0,2,,,,""
2016-02-13,Front Squat,Legs,70.0,2,,,,""
2016-02-13,Front Squat,Legs,70.0,2,,,,""
2016-02-13,Front Squat,Legs,70.0,2,,,,""
2016-02-13,Clean Deadlift,Shoulders,110.0,3,,,,""
2016-02-13,Clean Deadlift,Shoulders,110.0,3,,,,""
2016-02-13,Clean Deadlift,Shoulders,110.0,3,,,,""
2016-02-13,Back Extension,Back,5.0,10,,,,""
2016-02-13,Back Extension,Back,5.0,10,,,,""
2016-02-13,Back Extension,Back,5.0,10,,,,""
2016-02-13,Sit Up,Abs,10.0,10,,,,""
2016-02-13,Sit Up,Abs,10.0,10,,,,""
2016-02-13,Sit Up,Abs,10.0,10,,,,""
2016-02-13,Sit Up,Abs,10.0,10,,,,""
2016-02-14,Power Clean,Legs,70.0,3,,,,""
2016-02-14,Power Clean,Legs,70.0,3,,,,""
2016-02-14,Power Clean,Legs,70.0,3,,,,""
2016-02-14,Power Clean,Legs,70.0,3,,,,""
2016-02-14,Power Clean,Legs,70.0,3,,,,""
2016-02-14,Overhead Squat Ohs,Legs,60.0,2,,,,""
2016-02-14,Overhead Squat Ohs,Legs,60.0,2,,,,""
2016-02-14,Overhead Squat Ohs,Legs,60.0,2,,,,""
2016-02-14,Overhead Squat Ohs,Legs,60.0,2,,,,""
2016-02-14,Overhead Squat Ohs,Legs,60.0,2,,,,""
2016-02-14,Snatch Push Press,Shoulders,60.0,5,,,,""
2016-02-14,Snatch Push Press,Shoulders,60.0,5,,,,""
2016-02-14,Snatch Push Press,Shoulders,60.0,5,,,,""
2016-02-14,Snatch Push Press,Shoulders,60.0,4,,,,""
2016-02-14,Snatch Push Press,Shoulders,60.0,5,,,,""
2016-02-14,Clean Pull,Legs,110.0,3,,,,""
2016-02-14,Clean Pull,Legs,110.0,3,,,,""
2016-02-14,Clean Pull,Legs,110.0,3,,,,""
2016-02-14,Clean Pull,Legs,110.0,3,,,,""
2016-02-14,Clean Pull,Legs,110.0,3,,,,""
2016-02-14,Back Extension,Back,1.0,15,,,,""
2016-02-14,Back Extension,Back,1.0,15,,,,""
2016-02-14,Back Extension,Back,1.0,15,,,,""
2016-02-14,Russian Twist,Abs,20.0,15,,,,""
2016-02-14,Russian Twist,Abs,20.0,15,,,,""
2016-02-14,Russian Twist,Abs,20.0,15,,,,""
2016-02-16,Snatch,Legs,40.0,3,,,,""
2016-02-16,Snatch,Legs,50.0,2,,,,""
2016-02-16,Snatch,Legs,54.0,1,,,,""
2016-02-16,Snatch,Legs,58.0,1,,,,""
2016-02-16,Snatch,Legs,60.0,1,,,,""
2016-02-16,Snatch,Legs,64.0,1,,,,""
2016-02-16,Snatch,Legs,66.0,1,,,,""
2016-02-16,Snatch,Legs,68.0,1,,,,""
2016-02-16,Snatch,Legs,70.0,1,,,,""
2016-02-16,Clean And Jerk Cnj,Legs,60.0,1,,,,""
2016-02-16,Clean And Jerk Cnj,Legs,64.0,1,,,,""
2016-02-16,Clean And Jerk Cnj,Legs,68.0,1,,,,""
2016-02-16,Clean And Jerk Cnj,Legs,70.0,1,,,,""
2016-02-16,Clean And Jerk Cnj,Legs,74.0,1,,,,""
2016-02-16,Clean And Jerk Cnj,Legs,78.0,1,,,,""
2016-02-16,Clean And Jerk Cnj,Legs,80.0,1,,,,""
2016-02-16,Clean And Jerk Cnj,Legs,84.0,1,,,,""
2016-02-16,Back Squat,Legs,90.0,3,,,,""
2016-02-16,Back Squat,Legs,90.0,3,,,,""
2016-02-16,Back Squat,Legs,90.0,3,,,,""
2016-02-16,Back Squat,Legs,92.0,3,,,,""
2016-02-16,Back Squat,Legs,92.0,3,,,,""
2016-02-16,Clean Lift Off,Legs,92.0,3,,,,""
2016-02-16,Clean Lift Off,Legs,92.0,3,,,,""
2016-02-16,Clean Lift Off,Legs,92.0,3,,,,""
2016-02-19,Snatch,Legs,60.0,3,,,,""
2016-02-19,Snatch,Legs,60.0,3,,,,""
2016-02-19,Snatch,Legs,64.0,3,,,,""
2016-02-19,Snatch,Legs,64.0,3,,,,""
2016-02-19,Snatch,Legs,64.0,3,,,,""
2016-02-19,Jerk,Legs,80.0,3,,,,""
2016-02-19,Jerk,Legs,80.0,3,,,,""
2016-02-19,Jerk,Legs,84.0,2,,,,""
2016-02-19,Jerk,Legs,84.0,2,,,,""
2016-02-19,Jerk,Legs,84.0,2,,,,""
2016-02-19,Front Squat,Legs,80.0,2,,,,""
2016-02-19,Front Squat,Legs,80.0,2,,,,""
2016-02-19,Front Squat,Legs,80.0,2,,,,""
2016-02-19,Front Squat,Legs,80.0,2,,,,""
2016-02-19,Front Squat,Legs,80.0,2,,,,""
2016-02-19,Snatch Deadlift,Legs,80.0,3,,,,""
2016-02-19,Snatch Deadlift,Legs,80.0,3,,,,""
2016-02-19,Snatch Deadlift,Legs,80.0,3,,,,""
2016-02-20,Power Snatch,Back,50.0,3,,,,""
2016-02-20,Power Snatch,Back,50.0,3,,,,""
2016-02-20,Power Snatch,Back,54.0,2,,,,""
2016-02-20,Power Snatch,Back,56.0,2,,,,""
2016-02-20,Power Snatch,Back,56.0,2,,,,""
2016-02-20,Push Press,Shoulders,54.0,5,,,,""
2016-02-20,Push Press,Shoulders,54.0,5,,,,""
2016-02-20,Push Press,Shoulders,56.0,5,,,,""
2016-02-20,Push Press,Shoulders,56.0,5,,,,""
2016-02-20,Push Press,Shoulders,56.0,5,,,,""
2016-02-20,Snatch Pull,Legs,74.0,3,,,,""
2016-02-20,Snatch Pull,Legs,74.0,3,,,,""
2016-02-20,Snatch Pull,Legs,80.0,3,,,,""
2016-02-20,Snatch Pull,Legs,80.0,3,,,,""
2016-02-20,Snatch Pull,Legs,80.0,3,,,,""
2016-02-20,Back Extension,Back,1.0,15,,,,""
2016-02-20,Back Extension,Back,1.0,15,,,,""
2016-02-20,Back Extension,Back,1.0,15,,,,""
2016-02-21,Clean,Legs,74.0,3,,,,""
2016-02-21,Clean,Legs,74.0,3,,,,""
2016-02-21,Clean,Legs,80.0,2,,,,""
2016-02-21,Clean,Legs,80.0,2,,,,""
2016-02-21,Clean,Legs,80.0,2,,,,""
2016-02-21,Power Jerk,Shoulders,70.0,3,,,,""
2016-02-21,Power Jerk,Shoulders,70.0,3,,,,""
2016-02-21,Power Jerk,Shoulders,76.0,2,,,,""
2016-02-21,Power Jerk,Shoulders,76.0,2,,,,""
2016-02-21,Power Jerk,Shoulders,76.0,2,,,,""
2016-02-21,Back Squat,Legs,94.0,2,,,,""
2016-02-21,Back Squat,Legs,96.0,2,,,,""
2016-02-21,Back Squat,Legs,96.0,2,,,,""
2016-02-21,Back Squat,Legs,96.0,2,,,,""
2016-02-21,Back Squat,Legs,96.0,2,,,,""
2016-02-21,Clean Deadlift,Shoulders,100.0,3,,,,""
2016-02-21,Clean Deadlift,Shoulders,110.0,3,,,,""
2016-02-21,Clean Deadlift,Shoulders,114.0,3,,,,""
2016-02-23,Press In Clean,Shoulders,20.0,5,,,,""
2016-02-23,Press In Clean,Shoulders,24.0,4,,,,""
2016-02-23,Press In Clean,Shoulders,30.0,3,,,,""
2016-02-23,Power Clean,Legs,74.0,3,,,,""
2016-02-23,Power Clean,Legs,74.0,3,,,,""
2016-02-23,Power Clean,Legs,76.0,2,,,,""
2016-02-23,Power Clean,Legs,76.0,2,,,,""
2016-02-23,Power Clean,Legs,76.0,2,,,,""
2016-02-23,Overhead Squat Ohs,Legs,60.0,2,,,,""
2016-02-23,Overhead Squat Ohs,Legs,64.0,2,,,,""
2016-02-23,Overhead Squat Ohs,Legs,64.0,2,,,,""
2016-02-23,Overhead Squat Ohs,Legs,64.0,2,,,,""
2016-02-23,Overhead Squat Ohs,Legs,64.0,2,,,,""
2016-02-23,Snatch Push Press,Shoulders,60.0,5,,,,""
2016-02-23,Snatch Push Press,Shoulders,64.0,5,,,,""
2016-02-23,Snatch Push Press,Shoulders,64.0,5,,,,""
2016-02-23,Snatch Push Press,Shoulders,64.0,5,,,,""
2016-02-23,Snatch Push Press,Shoulders,64.0,5,,,,""
2016-02-23,Clean Pull,Legs,110.0,3,,,,""
2016-02-23,Clean Pull,Legs,110.0,3,,,,""
2016-02-23,Clean Pull,Legs,110.0,3,,,,""
2016-02-23,Clean Pull,Legs,110.0,3,,,,""
2016-02-23,Clean Pull,Legs,110.0,3,,,,""
2016-02-24,Muscle Snatch,Shoulders,20.0,5,,,,""
2016-02-24,Muscle Snatch,Shoulders,30.0,4,,,,""
2016-02-24,Muscle Snatch,Shoulders,40.0,3,,,,""
2016-02-24,Snatch,Legs,40.0,1,,,,""
2016-02-24,Snatch,Legs,44.0,1,,,,""
2016-02-24,Snatch,Legs,48.0,1,,,,""
2016-02-24,Snatch,Legs,50.0,1,,,,""
2016-02-24,Snatch,Legs,54.0,1,,,,""
2016-02-24,Snatch,Legs,58.0,1,,,,""
2016-02-24,Snatch,Legs,60.0,1,,,,""
2016-02-24,Snatch,Legs,64.0,1,,,,""
2016-02-24,Snatch,Legs,66.0,1,,,,""
2016-02-24,Snatch,Legs,68.0,1,,,,""
2016-02-24,Clean And Jerk Cnj,Legs,70.0,1,,,,""
2016-02-24,Clean And Jerk Cnj,Legs,74.0,1,,,,""
2016-02-24,Clean And Jerk Cnj,Legs,78.0,1,,,,""
2016-02-24,Clean And Jerk Cnj,Legs,80.0,1,,,,""
2016-02-24,Clean And Jerk Cnj,Legs,84.0,1,,,,""
2016-02-24,Clean And Jerk Cnj,Legs,88.0,1,,,,""
2016-02-24,Front Squat,Legs,84.0,2,,,,""
2016-02-24,Front Squat,Legs,84.0,2,,,,""
2016-02-24,Front Squat,Legs,84.0,2,,,,""
2016-02-24,Front Squat,Legs,84.0,2,,,,""
2016-02-24,Front Squat,Legs,84.0,2,,,,""
2016-02-24,Snatch Lift Off,Back,84.0,3,,,,""
2016-02-24,Snatch Lift Off,Back,84.0,3,,,,""
2016-02-24,Snatch Lift Off,Back,84.0,3,,,,""
2016-02-26,Snatch,Legs,60.0,3,,,,""
2016-02-26,Snatch,Legs,64.0,3,,,,""
2016-02-26,Snatch,Legs,64.0,3,,,,""
2016-02-26,Snatch,Legs,66.0,2,,,,""
2016-02-26,Snatch,Legs,66.0,2,,,,""
2016-02-26,Jerk,Legs,80.0,3,,,,""
2016-02-26,Jerk,Legs,86.0,2,,,,""
2016-02-26,Jerk,Legs,86.0,2,,,,""
2016-02-26,Jerk,Legs,90.0,1,,,,""
2016-02-26,Jerk,Legs,90.0,1,,,,""
2016-02-26,Back Squat,Legs,96.0,3,,,,""
2016-02-26,Back Squat,Legs,96.0,3,,,,""
2016-02-26,Back Squat,Legs,96.0,3,,,,""
2016-02-26,Back Squat,Legs,96.0,3,,,,""
2016-02-26,Snatch Deadlift,Legs,90.0,3,,,,""
2016-02-26,Snatch Deadlift,Legs,90.0,3,,,,""
2016-02-26,Snatch Deadlift,Legs,90.0,3,,,,""
2016-02-26,Back Extension,Back,10.0,10,,,,""
2016-02-26,Back Extension,Back,10.0,10,,,,""
2016-02-26,Back Extension,Back,10.0,10,,,,""
2016-02-27,Press In Snatch,Shoulders,20.0,5,,,,""
2016-02-27,Press In Snatch,Shoulders,26.0,4,,,,""
2016-02-27,Press In Snatch,Shoulders,30.0,3,,,,""
2016-02-27,Power Snatch,Back,50.0,3,,,,""
2016-02-27,Power Snatch,Back,56.0,3,,,,""
2016-02-27,Power Snatch,Back,56.0,3,,,,""
2016-02-27,Power Snatch,Back,60.0,2,,,,""
2016-02-27,Power Snatch,Back,60.0,2,,,,""
2016-02-27,Push Press,Shoulders,60.0,5,,,,""
2016-02-27,Push Press,Shoulders,62.0,5,,,,""
2016-02-27,Push Press,Shoulders,64.0,5,,,,""
2016-02-27,Push Press,Shoulders,64.0,5,,,,""
2016-02-27,High Pull,Legs,64.0,3,,,,""
2016-02-27,High Pull,Legs,70.0,3,,,,""
2016-02-27,High Pull,Legs,74.0,3,,,,""
2016-02-27,High Pull,Legs,74.0,3,,,,""
2016-02-27,High Pull,Legs,70.0,3,,,,""
2016-02-27,High Pull,Legs,70.0,3,,,,""
2016-02-27,High Pull,Legs,70.0,3,,,,""
2016-02-27,High Pull,Legs,70.0,3,,,,""
2016-02-27,High Pull,Legs,70.0,3,,,,""
2016-02-27,Back Extension,Back,1.0,15,,,,""
2016-02-27,Back Extension,Back,1.0,15,,,,""
2016-02-27,Back Extension,Back,1.0,15,,,,""
2016-02-27,Standing Plate Twist,Abs,15.0,15,,,,""
2016-02-27,Standing Plate Twist,Abs,15.0,15,,,,""
2016-02-27,Standing Plate Twist,Abs,15.0,15,,,,""
2016-03-01,Tall Clean,Legs,20.0,3,,,,""
2016-03-01,Tall Clean,Legs,30.0,3,,,,""
2016-03-01,Tall Clean,Legs,40.0,3,,,,""
2016-03-01,Clean,Legs,78.0,3,,,,""
2016-03-01,Clean,Legs,80.0,3,,,,""
2016-03-01,Clean,Legs,86.0,2,,,,""
2016-03-01,Clean,Legs,86.0,2,,,,""
2016-03-01,Power Jerk,Shoulders,74.0,3,,,,""
2016-03-01,Power Jerk,Shoulders,76.0,3,,,,""
2016-03-01,Power Jerk,Shoulders,76.0,3,,,,""
2016-03-01,Power Jerk,Shoulders,80.0,2,,,,""
2016-03-01,Power Jerk,Shoulders,80.0,2,,,,""
2016-03-01,Front Squat,Legs,92.0,2,,,,""
2016-03-01,Front Squat,Legs,92.0,2,,,,""
2016-03-01,Front Squat,Legs,92.0,2,,,,""
2016-03-01,Front Squat,Legs,92.0,2,,,,""
2016-03-01,Front Squat,Legs,96.0,2,,,,""
2016-03-01,Clean Deadlift,Shoulders,106.0,3,,,,""
2016-03-01,Clean Deadlift,Shoulders,110.0,3,,,,""
2016-03-01,Clean Deadlift,Shoulders,120.0,3,,,,""
2016-03-01,Back Extension,Back,15.0,10,,,,""
2016-03-01,Back Extension,Back,15.0,10,,,,""
2016-03-01,Back Extension,Back,15.0,10,,,,""
2016-03-01,Tommys,Abs,15.0,10,,,,""
2016-03-01,Tommys,Abs,15.0,10,,,,""
2016-03-01,Tommys,Abs,15.0,10,,,,""
2016-03-01,Tommys,Abs,15.0,8,,,,""
2016-03-02,Press In Clean,Shoulders,24.0,5,,,,""
2016-03-02,Press In Clean,Shoulders,30.0,5,,,,""
2016-03-02,Press In Clean,Shoulders,34.0,3,,,,""
2016-03-02,Power Clean,Legs,76.0,3,,,,""
2016-03-02,Power Clean,Legs,78.0,3,,,,""
2016-03-02,Power Clean,Legs,78.0,3,,,,""
2016-03-02,Power Clean,Legs,80.0,2,,,,""
2016-03-02,Power Clean,Legs,80.0,2,,,,""
2016-03-02,Overhead Squat Ohs,Legs,62.0,2,,,,""
2016-03-02,Overhead Squat Ohs,Legs,64.0,2,,,,""
2016-03-02,Overhead Squat Ohs,Legs,64.0,2,,,,""
2016-03-02,Overhead Squat Ohs,Legs,66.0,2,,,,""
2016-03-02,Overhead Squat Ohs,Legs,66.0,2,,,,""
2016-03-02,Snatch Push Press,Shoulders,60.0,5,,,,""
2016-03-02,Snatch Push Press,Shoulders,64.0,5,,,,""
2016-03-02,Snatch Push Press,Shoulders,66.0,5,,,,""
2016-03-02,Snatch Push Press,Shoulders,66.0,5,,,,""
2016-03-02,Snatch Push Press,Shoulders,66.0,5,,,,""
2016-03-02,Clean Pull,Legs,100.0,3,,,,""
2016-03-02,Clean Pull,Legs,106.0,3,,,,""
2016-03-02,Clean Pull,Legs,110.0,3,,,,""
2016-03-02,Clean Pull,Legs,110.0,3,,,,""
2016-03-02,Clean Pull,Legs,106.0,3,,,,""
2016-03-02,Back Extension,Back,1.0,15,,,,""
2016-03-02,Back Extension,Back,1.0,15,,,,""
2016-03-02,Back Extension,Back,1.0,15,,,,""
2016-03-02,Russian Twist,Abs,20.0,15,,,,""
2016-03-02,Russian Twist,Abs,20.0,15,,,,""
2016-03-02,Russian Twist,Abs,20.0,15,,,,""
2016-03-02,Plank,Abs,1.0,60,,,,""
2016-03-04,Muscle Snatch,Shoulders,20.0,5,,,,""
2016-03-04,Muscle Snatch,Shoulders,30.0,4,,,,""
2016-03-04,Muscle Snatch,Shoulders,40.0,3,,,,""
2016-03-04,Snatch,Legs,50.0,1,,,,""
2016-03-04,Snatch,Legs,54.0,2,,,,""
2016-03-04,Snatch,Legs,60.0,2,,,,""
2016-03-04,Snatch,Legs,62.0,1,,,,""
2016-03-04,Snatch,Legs,62.0,1,,,,""
2016-03-04,Snatch,Legs,64.0,1,,,,""
2016-03-04,Snatch,Legs,64.0,1,,,,""
2016-03-04,Snatch,Legs,66.0,1,,,,""
2016-03-04,Snatch,Legs,68.0,1,,,,""
2016-03-04,Snatch,Legs,70.0,1,,,,""
2016-03-04,Snatch,Legs,72.0,1,,,,""
2016-03-04,Clean And Jerk Cnj,Legs,72.0,1,,,,""
2016-03-04,Clean And Jerk Cnj,Legs,80.0,1,,,,""
2016-03-04,Back Squat,Legs,110.0,1,,,,""
2016-03-04,Back Squat,Legs,110.0,1,,,,""
2016-03-04,Back Squat,Legs,110.0,1,,,,""
2016-03-04,Back Squat,Legs,110.0,1,,,,""
2016-03-04,Back Squat,Legs,100.0,1,,,,""
2016-03-04,Clean Deadlift,Shoulders,110.0,3,,,,""
2016-03-04,Clean Deadlift,Shoulders,110.0,3,,,,""
2016-03-04,Clean Deadlift,Shoulders,110.0,3,,,,""
2016-03-04,Back Extension,Back,15.0,10,,,,""
2016-03-04,Back Extension,Back,15.0,10,,,,""
2016-03-04,Back Extension,Back,15.0,10,,,,""
2016-03-04,Hanging Leg Raise,Abs,1.0,15,,,,""
2016-03-04,Hanging Leg Raise,Abs,1.0,15,,,,""
2016-03-04,Hanging Leg Raise,Abs,1.0,15,,,,""
2016-03-04,Crossover,Abs,1.0,25,,,,""
2016-03-04,Crossover,Abs,1.0,25,,,,""
2016-03-05,Tall Snatch,Shoulders,20.0,3,,,,""
2016-03-05,Tall Snatch,Shoulders,24.0,3,,,,""
2016-03-05,Tall Snatch,Shoulders,30.0,3,,,,""
2016-03-05,Snatch,Legs,60.0,3,,,,""
2016-03-05,Snatch,Legs,64.0,2,,,,""
2016-03-05,Snatch,Legs,66.0,2,,,,""
2016-03-05,Snatch,Legs,68.0,1,,,,""
2016-03-05,Snatch,Legs,68.0,1,,,,""
2016-03-05,Snatch,Legs,68.0,1,,,,""
2016-03-05,Jerk,Legs,80.0,3,,,,""
2016-03-05,Jerk,Legs,82.0,2,,,,""
2016-03-05,Jerk,Legs,84.0,2,,,,""
2016-03-05,Jerk,Legs,88.0,1,,,,""
2016-03-05,Jerk,Legs,88.0,1,,,,""
2016-03-05,Jerk,Legs,88.0,1,,,,""
2016-03-05,Front Squat,Legs,94.0,2,,,,""
2016-03-05,Front Squat,Legs,94.0,2,,,,""
2016-03-05,Front Squat,Legs,94.0,2,,,,""
2016-03-05,Front Squat,Legs,94.0,2,,,,""
2016-03-05,Front Squat,Legs,94.0,2,,,,""
2016-03-05,Back Extension,Back,15.0,10,,,,""
2016-03-05,Back Extension,Back,15.0,10,,,,""
2016-03-05,Back Extension,Back,15.0,10,,,,""
2016-03-05,Hanging Leg Raise,Abs,1.0,15,,,,""
2016-03-05,Hanging Leg Raise,Abs,1.0,15,,,,""
2016-03-05,Hanging Leg Raise,Abs,1.0,15,,,,""
2016-03-05,Crossover,Abs,1.0,25,,,,""
2016-03-05,Crossover,Abs,1.0,25,,,,""
2016-03-08,Press In Snatch,Shoulders,24.0,5,,,,""
2016-03-08,Press In Snatch,Shoulders,30.0,4,,,,""
2016-03-08,Press In Snatch,Shoulders,32.0,3,,,,""
2016-03-08,Power Snatch,Back,54.0,3,,,,""
2016-03-08,Power Snatch,Back,58.0,2,,,,""
2016-03-08,Power Snatch,Back,60.0,2,,,,""
2016-03-08,Power Snatch,Back,62.0,1,,,,""
2016-03-08,Power Snatch,Back,62.0,1,,,,""
2016-03-08,Power Snatch,Back,62.0,1,,,,""
2016-03-08,Push Press,Shoulders,62.0,5,,,,""
2016-03-08,Push Press,Shoulders,64.0,5,,,,""
2016-03-08,Push Press,Shoulders,66.0,5,,,,""
2016-03-08,Push Press,Shoulders,66.0,5,,,,""
2016-03-08,High Pull,Legs,70.0,3,,,,""
2016-03-08,High Pull,Legs,74.0,3,,,,""
2016-03-08,High Pull,Legs,78.0,3,,,,""
2016-03-08,High Pull,Legs,80.0,3,,,,""
2016-03-08,High Pull,Legs,76.0,3,,,,""
2016-03-08,Back Extension,Back,1.0,15,,,,""
2016-03-08,Back Extension,Back,1.0,15,,,,""
2016-03-08,Back Extension,Back,1.0,15,,,,""
2016-03-08,Standing Plate Twist,Abs,20.0,15,,,,""
2016-03-08,Standing Plate Twist,Abs,20.0,15,,,,""
2016-03-08,Standing Plate Twist,Abs,20.0,15,,,,""
2016-03-08,Plank,Abs,1.0,60,,,,""
2016-03-08,Plank,Abs,1.0,60,,,,""
2016-03-09,Tall Clean,Legs,20.0,3,,,,""
2016-03-09,Tall Clean,Legs,20.0,3,,,,""
2016-03-09,Tall Clean,Legs,20.0,3,,,,""
2016-03-09,Clean,Legs,80.0,3,,,,""
2016-03-09,Clean,Legs,84.0,2,,,,""
2016-03-09,Clean,Legs,88.0,2,,,,""
2016-03-09,Clean,Legs,90.0,1,,,,""
2016-03-09,Clean,Legs,90.0,1,,,,""
2016-03-09,Clean,Legs,90.0,1,,,,""
2016-03-09,Power Jerk,Shoulders,72.0,3,,,,""
2016-03-09,Power Jerk,Shoulders,76.0,2,,,,""
2016-03-09,Power Jerk,Shoulders,80.0,2,,,,""
2016-03-09,Power Jerk,Shoulders,82.0,1,,,,""
2016-03-09,Power Jerk,Shoulders,82.0,1,,,,""
2016-03-09,Power Jerk,Shoulders,82.0,1,,,,""
2016-03-09,Back Squat,Legs,104.0,2,,,,""
2016-03-09,Back Squat,Legs,104.0,2,,,,""
2016-03-09,Back Squat,Legs,104.0,2,,,,""
2016-03-09,Plank,Abs,10.0,20,,,,""
2016-03-09,Plank,Abs,10.0,20,,,,""
2016-03-09,Plank,Abs,10.0,30,,,,""
2016-03-09,Plank,Abs,10.0,30,,,,""
2016-03-11,Press In Clean,Shoulders,20.0,5,,,,""
2016-03-11,Press In Clean,Shoulders,24.0,4,,,,""
2016-03-11,Press In Clean,Shoulders,26.0,3,,,,""
2016-03-11,Power Clean,Legs,60.0,3,,,,""
2016-03-11,Power Clean,Legs,64.0,2,,,,""
2016-03-11,Power Clean,Legs,68.0,2,,,,""
2016-03-11,Power Clean,Legs,72.0,1,,,,""
2016-03-11,Power Clean,Legs,72.0,1,,,,""
2016-03-11,Power Clean,Legs,72.0,1,,,,""
2016-03-11,Overhead Squat Ohs,Legs,60.0,3,,,,""
2016-03-11,Overhead Squat Ohs,Legs,62.0,2,,,,""
2016-03-11,Overhead Squat Ohs,Legs,64.0,2,,,,""
2016-03-11,Overhead Squat Ohs,Legs,66.0,1,,,,""
2016-03-11,Overhead Squat Ohs,Legs,66.0,1,,,,""
2016-03-11,Overhead Squat Ohs,Legs,66.0,1,,,,""
2016-03-11,Snatch Push Press,Shoulders,60.0,5,,,,""
2016-03-11,Snatch Push Press,Shoulders,62.0,5,,,,""
2016-03-11,Snatch Push Press,Shoulders,64.0,5,,,,""
2016-03-11,Snatch Push Press,Shoulders,64.0,5,,,,""
2016-03-11,Snatch Push Press,Shoulders,64.0,5,,,,""
2016-03-11,Clean Pull,Legs,90.0,3,,,,""
2016-03-11,Clean Pull,Legs,94.0,3,,,,""
2016-03-11,Clean Pull,Legs,100.0,3,,,,""
2016-03-11,Clean Pull,Legs,104.0,3,,,,""
2016-03-11,Clean Pull,Legs,94.0,3,,,,""
2016-03-11,Back Extension,Back,1.0,15,,,,""
2016-03-11,Back Extension,Back,1.0,15,,,,""
2016-03-11,Back Extension,Back,1.0,15,,,,""
2016-03-11,Plank,Abs,10.0,30,,,,""
2016-03-11,Plank,Abs,10.0,30,,,,""
2016-03-11,Plank,Abs,10.0,30,,,,""
2016-03-11,Plank,Abs,10.0,30,,,,""
2016-03-11,Russian Twist,Abs,10.0,15,,,,""
2016-03-11,Russian Twist,Abs,10.0,15,,,,""
2016-03-11,Russian Twist,Abs,10.0,15,,,,""
2016-03-12,Muscle Snatch,Shoulders,20.0,5,,,,""
2016-03-12,Muscle Snatch,Shoulders,30.0,4,,,,""
2016-03-12,Muscle Snatch,Shoulders,40.0,3,,,,""
2016-03-12,Snatch,Legs,40.0,1,,,,""
2016-03-12,Snatch,Legs,44.0,1,,,,""
2016-03-12,Snatch,Legs,50.0,1,,,,""
2016-03-12,Snatch,Legs,54.0,1,,,,""
2016-03-12,Snatch,Legs,58.0,1,,,,""
2016-03-12,Snatch,Legs,64.0,1,,,,""
2016-03-12,Snatch,Legs,68.0,1,,,,""
2016-03-12,Snatch,Legs,72.0,1,,,,""
2016-03-12,Clean And Jerk Cnj,Legs,70.0,1,,,,""
2016-03-12,Clean And Jerk Cnj,Legs,70.0,1,,,,""
2016-03-12,Clean And Jerk Cnj,Legs,74.0,1,,,,""
2016-03-12,Clean And Jerk Cnj,Legs,78.0,1,,,,""
2016-03-12,Clean And Jerk Cnj,Legs,84.0,1,,,,""
2016-03-12,Clean And Jerk Cnj,Legs,88.0,1,,,,""
2016-03-12,Clean And Jerk Cnj,Legs,90.0,1,,,,""
2016-03-12,Clean And Jerk Cnj,Legs,92.0,1,,,,""
2016-03-12,Front Squat,Legs,96.0,2,,,,""
2016-03-12,Front Squat,Legs,96.0,2,,,,""
2016-03-12,Front Squat,Legs,96.0,2,,,,""
2016-03-12,Front Squat,Legs,96.0,2,,,,""
2016-03-12,Front Squat,Legs,96.0,2,,,,""
2016-03-12,Snatch Lift Off,Back,96.0,3,,,,""
2016-03-12,Snatch Lift Off,Back,100.0,3,,,,""
2016-03-12,Snatch Lift Off,Back,100.0,3,,,,""
2016-03-12,Back Extension,Back,15.0,10,,,,""
2016-03-12,Back Extension,Back,15.0,10,,,,""
2016-03-12,Back Extension,Back,15.0,10,,,,""
2016-03-12,Hanging Leg Raise,Abs,1.0,16,,,,""
2016-03-12,Hanging Leg Raise,Abs,1.0,17,,,,""
2016-03-12,Hanging Leg Raise,Abs,1.0,14,,,,""
2016-03-12,Hanging Leg Raise,Abs,1.0,11,,,,""
2016-03-12,Crossover,Abs,1.0,25,,,,""
2016-03-12,Crossover,Abs,1.0,30,,,,""
2016-03-12,Crossover,Abs,1.0,30,,,,""